name,country,qty_flights,mean_flights
"A CORUNA",SPAIN,27,83.8966
"A R S SPORT STRIP","UNITED STATES",27,76.4391
"A. BOUSSOUF AIN BOUCHEKIF",ALGERIA,53,71.6875
"A.T.D. YILMA INTL",ETHIOPIA,53,82.3103
AALBORG,DENMARK,54,86.3667
AARHUS,DENMARK,26,86.3667
AARS,DENMARK,79,86.3667
"ABA SEGUD",ETHIOPIA,119,82.3103
ABADAN,IRAN,132,80.8400
ABAKAN,RUSSIA,40,74.4237
ABBEYSHRULE,IRELAND,53,80.4737
ABBS,YEMEN,66,74.3333
"ABDULRACHMAN SALEH AERO",INDONESIA,120,78.4483
"ABEL SANTA MARIA",CUBA,67,67.4375
ABENGOUROU,"IVORY COAST",13,64.5333
ABERPORTH,"UNITED KINGDOM",53,83.8865
"ABILENE REGL","UNITED STATES",53,76.4391
ABOISSO,"IVORY COAST",26,64.5333
ABONG-M'BANG,CAMEROON,54,86.2000
ABQAIQ,"SAUDI ARABIA",27,77.2121
"ABRAHAM GONZALEZ INTL",MEXICO,80,71.3061
"ABU DHABI INTL","UNITED ARAB EMIRATES",67,63.7778
"ABU SIMBEL",EGYPT,93,80.6842
ABUMUMBAZI,CONGO,93,81.3408
ABUMUSA,IRAN,67,80.8400
ABUNA,BRAZIL,66,75.7333
"ACADIANA REGL","UNITED STATES",27,76.4391
"ACHMAD YANI",INDONESIA,80,78.4483
ACHMER,GERMANY,39,76.3204
"ADA MUN","UNITED STATES",13,76.4391
ADABA,ETHIOPIA,106,82.3103
ADANA,TURKEY,133,75.3191
ADDINGTON,"UNITED STATES",80,76.4391
ADDISON,"UNITED STATES",14,76.4391
"ADEN INTL",YEMEN,40,74.3333
ADISUTJIPTO,INDONESIA,40,78.4483
ADIYAMAN,TURKEY,80,75.3191
ADUSTINA,BRAZIL,94,75.7333
"AEROCLUB ARGENTINO",ARGENTINA,27,67.1549
AEROCLUB,BRAZIL,53,75.7333
AEROCLUB,BRAZIL,331,75.7333
AEROCLUB,BRAZIL,52,75.7333
"AERODROMO NACIONAL AVIACAO",BRAZIL,54,75.7333
"AFTON MUN","UNITED STATES",54,76.4391
AGARTALA,INDIA,52,63.8654
AGHAJARI,IRAN,120,80.8400
"AGNES LAKE",CANADA,66,74.0068
AGRI,TURKEY,93,75.3191
AGUALEGUAS,MEXICO,67,71.3061
"AGUAS CLARAS",COLOMBIA,41,88.6667
AGUENAR,ALGERIA,27,71.6875
AGUNI,JAPAN,79,61.3077
AHMOSUO,FINLAND,81,76.8909
AHWAZ,IRAN,53,80.8400
"AIKEN MUN","UNITED STATES",241,76.4391
AILERTCHEN,GERMANY,39,76.3204
"AINSWORTH MUN","UNITED STATES",40,76.4391
AIOUN-EL-ATROUSS,MAURITANIA,26,81.9231
AIRBORNE,"UNITED STATES",66,76.4391
AIRDRIE,CANADA,67,74.0068
AIRE-SUR-L'ADOUR,FRANCE,54,76.2206
AKETI,CONGO,53,81.3408
"AKHISAR AB",TURKEY,67,75.3191
"AKINCI AB",TURKEY,67,75.3191
AKITA,JAPAN,107,61.3077
AKJOUJT,MAURITANIA,40,81.9231
AKLAVIK,CANADA,94,74.0068
AKOBO,SUDAN,79,71.5357
"AKRON FULTON INTL","UNITED STATES",13,76.4391
AKTAU,KAZAKHSTAN,237,67.7500
"AKTION AB",GREECE,53,86.9730
AKTYUBINSK,KAZAKHSTAN,93,67.7500
AKULIVIK,CANADA,93,74.0068
AKURE,NIGERIA,67,65.6429
AKUREYRI,ICELAND,40,79.7143
"AL AHSA","SAUDI ARABIA",53,77.2121
"AL ALAMAIN INTL",EGYPT,39,80.6842
"AL BAHA","SAUDI ARABIA",93,77.2121
"AL DHAFRA","UNITED ARAB EMIRATES",67,63.7778
"AL JOUF","SAUDI ARABIA",106,77.2121
"ALAMOGORDO-WHITE SANDS REGL","UNITED STATES",159,76.4391
ALAVUS,FINLAND,53,76.8909
"ALBANO MACHADO",ANGOLA,79,83.7143
"ALBANY INTL","UNITED STATES",121,76.4391
AL-BAYDA,YEMEN,26,74.3333
ALBENGA,ITALY,53,76.5375
"ALBERNI VALLEY REGIONAL",CANADA,54,74.0068
"ALBERTO DELGADO",CUBA,92,67.4375
"ALBERTO LIERAS CAMARGO",COLOMBIA,133,88.6667
ALBERTUS,"UNITED STATES",133,76.4391
ALBERTVILLE,FRANCE,41,76.2206
"ALBION MUN","UNITED STATES",279,76.4391
AL-BOUGH,YEMEN,134,74.3333
"ALBUQUERQUE INTL SUNPORT","UNITED STATES",54,76.4391
ALDERGROVE,"UNITED KINGDOM",53,83.8865
ALDERNEY,"UNITED KINGDOM",92,83.8865
ALEGRETE,BRAZIL,67,75.7333
"ALEJANDRO VELAZCO ASTETE",PERU,121,72.1833
ALEKSANDROWICE,POLAND,66,80.0476
"ALEPPO INTL",SYRIA,67,113.2500
"ALERT BAY",CANADA,79,74.0068
ALERT,CANADA,67,74.0068
ALESSANDRIA,ITALY,27,76.5375
"ALEXANDER FLD SOUTH WOOD CO","UNITED STATES",40,76.4391
ALEXANDER,ICELAND,40,79.7143
ALEXANDRA,"NEW ZEALAND",40,52.5333
"ALEXANDRIA ARMY",GREECE,92,86.9730
"ALEXANDRIA ESLER REGL","UNITED STATES",41,76.4391
"ALEXANDRIA INTL",EGYPT,53,80.6842
"ALEXANDRIA INTL","UNITED STATES",26,76.4391
ALEXANDRIA,CANADA,159,74.0068
"ALEXIS LAKE",CANADA,66,74.0068
"ALFEREZ DAVID FIGUEROA FERNAN*",PERU,119,72.1833
"ALFONSO BONILLA ARAGON INTL",COLOMBIA,106,88.6667
"ALFREDO VASQUEZ COBO",COLOMBIA,80,88.6667
"ALFREDO VLADIMIR SARA BAVER",PERU,53,72.1833
"ALGONA MUN","UNITED STATES",120,76.4391
ALICANTE,SPAIN,40,83.8966
"ALICE INTL","UNITED STATES",39,76.4391
ALINDAO,"CENTRAL AFRICAN REP",132,104.2222
ALINGSAS,SWEDEN,39,74.0865
ALKANTPAN,"SOUTH AFRICAN REP",53,80.1429
ALLAIRE,"UNITED STATES",41,76.4391
"ALLAMA IQBAL INTL",PAKISTAN,14,53.9500
"ALLEN AAF","UNITED STATES",53,76.4391
"ALLENDORF/ EDER",GERMANY,40,76.3204
ALLEROD,DENMARK,40,86.3667
"ALLIANCE MUN","UNITED STATES",52,76.4391
ALMA,CANADA,106,74.0068
AL-MASSIRA,MOROCCO,40,65.8000
"ALMAZA AB",EGYPT,80,80.6842
ALMEIRIM,BRAZIL,80,75.7333
ALMERIA,SPAIN,132,83.8966
"ALMIRANTE PADILLA",COLOMBIA,79,88.6667
"ALMIROS AB",GREECE,27,86.9730
"ALPENA CO REGL","UNITED STATES",40,76.4391
ALPHONSE,SEYCHELLES,80,70.6667
"ALPINE AIRSTRIP","UNITED STATES",13,76.4391
"ALTA FLORESTA",BRAZIL,40,75.7333
ALTA,NORWAY,66,77.7021
ALTAI,MONGOLIA,40,63.2727
ALTAMIRA,BRAZIL,27,75.7333
ALTDORF-WALLBURG,GERMANY,67,76.3204
"ALTENSTADT ARMY",GERMANY,80,76.3204
"ALTO GARCAS",BRAZIL,66,75.7333
"ALTO PARAISO",BRAZIL,67,75.7333
"ALTO PARNAIBA",BRAZIL,79,75.7333
"ALTURAS MUN","UNITED STATES",107,76.4391
"ALTUS AFB","UNITED STATES",147,76.4391
"ALTUS/ QUARTZ MOUNTAIN REGL","UNITED STATES",39,76.4391
"ALULA ABA NEGA",ETHIOPIA,39,82.3103
"ALVA REGL","UNITED STATES",106,76.4391
"ALVERCA AB",PORTUGAL,201,69.0476
ALYKEL,RUSSIA,133,74.4237
"ALZATE BRIANZA",ITALY,40,76.5375
AMAKUSA,JAPAN,106,61.3077
AMAMI,JAPAN,78,61.3077
AMAPA,BRAZIL,40,75.7333
AMARAIS,BRAZIL,147,75.7333
"AMARILLO INTL","UNITED STATES",81,76.4391
AMBALABE,MADAGASCAR,39,76.8857
AMBALAVAO,MADAGASCAR,40,76.8857
AMBATONDRAZAKA,MADAGASCAR,53,76.8857
"AMBERIEU AB",FRANCE,27,76.2206
AMBLER,"UNITED STATES",39,76.4391
AMBOULI,DJIBOUTI,212,106.0000
AMBRI,SWITZERLAND,93,83.4762
"AMEDEE AAF","UNITED STATES",80,76.4391
"AMENDOLA MIL",ITALY,66,76.5375
"AMERY MUN","UNITED STATES",40,76.4391
"AMES MUN","UNITED STATES",66,76.4391
AMHEARST,CANADA,26,74.0068
"AMILCAR CABRAL","CAPE VERDE",26,57.8333
"AMOS MUN",CANADA,40,74.0068
AMPANIHY,MADAGASCAR,53,76.8857
AMPAPAMENA,MADAGASCAR,40,76.8857
AMPFING-WALDKRAIBURG,GERMANY,53,76.3204
AMPURIABRAVA,SPAIN,67,83.8966
AM-TIMAN,CHAD,54,74.0714
"ANAKTUVUK PASS","UNITED STATES",145,76.4391
ANALALAVA,MADAGASCAR,79,76.8857
"ANAPOLIS AIR BASE",BRAZIL,67,75.7333
ANCENIS,FRANCE,93,76.2206
ANCONE,FRANCE,39,76.2206
ANDAHUAYLAS,PERU,52,72.1833
ANDAPA,MADAGASCAR,26,76.8857
"ANDERSON MUN-DARLINGTON","UNITED STATES",40,76.4391
ANDERSTORP,SWEDEN,80,74.0865
ANDIRA,BRAZIL,79,75.7333
"ANDOYA AB",NORWAY,67,77.7021
ANDRADINA,BRAZIL,133,75.7333
"ANDRAVIDA AB",GREECE,39,86.9730
ANDREW,CANADA,132,74.0068
"ANDREWS AFB/ NAF","UNITED STATES",67,76.4391
ANDREWSFIELD,"UNITED KINGDOM",145,83.8865
ANDREWS-MURPHY,"UNITED STATES",79,76.4391
"ANDROS TOWN INTL",BAHAMAS,107,95.0769
ANFA,MOROCCO,53,65.8000
"ANGEL FIRE","UNITED STATES",54,76.4391
"ANGEL S ADAMI INTL",URUGUAY,106,94.0833
"ANGELINA CO","UNITED STATES",54,76.4391
"ANGLING LAKE",CANADA,40,74.0068
ANGOCHE,MOZAMBIQUE,67,50.1429
"ANGRA DOS REIS",BRAZIL,28,75.7333
ANKAVANDRA,MADAGASCAR,145,76.8857
ANKAZOABO,MADAGASCAR,52,76.8857
"ANKENY REGL","UNITED STATES",79,76.4391
"ANN ARBOR MUN","UNITED STATES",107,76.4391
ANNEMASSE,FRANCE,39,76.2206
"ANOKA CO-BLAINE","UNITED STATES",105,76.4391
"ANSBACH AHP",GERMANY,39,76.3204
"ANSON CO","UNITED STATES",40,76.4391
ANSONGO,MALI,171,105.2667
"ANSPACH/ TAUNUS",GERMANY,132,76.3204
ANTICHAN,FRANCE,39,76.2206
"ANTOINE DE SAINT EXUPERY",ARGENTINA,67,67.1549
"ANTONIO MACEO INTL",CUBA,80,67.4375
"ANTONIO RIVERA RODRIGUEZ","PUERTO RICO",40,37.2000
ANTSALOVA,MADAGASCAR,146,76.8857
ANTSIRABATO,MADAGASCAR,66,76.8857
ANTSOA,MADAGASCAR,41,76.8857
AOSTA,ITALY,107,76.5375
"APALACHICOLA MUN","UNITED STATES",27,76.4391
APOLO,BOLIVIA,53,62.9474
APOTERI,GUYANA,67,58.0000
"APPLE RIVER",CANADA,93,74.0068
"APPLE VALLEY","UNITED STATES",106,76.4391
"APPLETON MUN","UNITED STATES",145,76.4391
"APT ESTADUAL ARTHUR SIQUEIRA",BRAZIL,82,75.7333
APUCARANA,BRAZIL,66,75.7333
ARACUAI,BRAZIL,197,75.7333
ARAGARCAS,BRAZIL,53,75.7333
ARAGUAIANA,BRAZIL,93,75.7333
ARAGUAINA,BRAZIL,145,75.7333
ARAGUARI,BRAZIL,27,75.7333
ARAK,IRAN,80,80.8400
ARANDIS,NAMIBIA,92,81.5000
"ARANSAS CO","UNITED STATES",39,76.4391
ARAPONGAS,BRAZIL,134,75.7333
ARAPOTI,BRAZIL,40,75.7333
ARAR,"SAUDI ARABIA",79,77.2121
ARARACUARA,COLOMBIA,92,88.6667
ARARAQUARA,BRAZIL,28,75.7333
ARARAS,BRAZIL,26,75.7333
ARAXA,BRAZIL,173,75.7333
"ARAXOS AB",GREECE,52,86.9730
"ARBA MINCH",ETHIOPIA,41,82.3103
ARBENT,FRANCE,54,76.2206
ARBOIS,FRANCE,67,76.2206
ARBRA,SWEDEN,132,74.0865
ARCATA,"UNITED STATES",26,76.4391
ARCHERFIELD,AUSTRALIA,80,54.9680
ARCOVERDE,BRAZIL,40,75.7333
"AREA DE MATERIAL",ARGENTINA,107,67.1549
ARENS,"UNITED STATES",93,76.4391
AREZZO,ITALY,132,76.5375
ARGENTAN,FRANCE,53,76.2206
ARIBINDA,"BURKINA FASO",41,73.3571
ARISTOTELIS,GREECE,66,86.9730
"ARLINGTON MUN","UNITED STATES",40,76.4391
"ARLINGTON MUN","UNITED STATES",107,76.4391
ARLY,"BURKINA FASO",27,73.3571
ARMOR,FRANCE,302,76.2206
"ARMSTRONG NEW ORLEANS INTL","UNITED STATES",40,76.4391
ARMSTRONG,"UNITED STATES",79,76.4391
ARNAGE,FRANCE,40,76.2206
ARNBRUCK,GERMANY,79,76.3204
"ARNOLD PALMER REGL","UNITED STATES",39,76.4391
ARO,NORWAY,67,77.7021
ARRACHART,MADAGASCAR,267,76.8857
"ARROIO GRANDE",BRAZIL,40,75.7333
"ARTESIA MUN","UNITED STATES",214,76.4391
"ARTHUR'S TOWN",BAHAMAS,225,95.0769
"ARTIGAS INTL",URUGUAY,27,94.0833
ARTIGUES-DE-LUSSAC,FRANCE,54,76.2206
"ARTURO MERINO BENITEZ INTL",CHILE,53,77.2857
"ARTURO MICHELENA INTL",VENEZUELA,54,76.5405
ARUSHA,TANZANIA,78,70.7027
ARVIDSJAUR,SWEDEN,79,74.0865
ARVIKA,SWEDEN,106,74.0865
ASAHIKAWA,JAPAN,53,61.3077
"ASCENSION AUX AB",ASCENSION,39,39.0000
ASCHERSLEBEN,GERMANY,79,76.3204
ASELE,SWEDEN,145,74.0865
ASHBURTON,"NEW ZEALAND",39,52.5333
"ASHE CO","UNITED STATES",40,76.4391
"ASHEBORO MUN","UNITED STATES",41,76.4391
ASHERN,CANADA,94,74.0068
"ASHEVILLE REGL","UNITED STATES",80,76.4391
"ASHLEY MUN","UNITED STATES",67,76.4391
ASIAGO,ITALY,54,76.5375
ASOSA,ETHIOPIA,53,82.3103
"ASPEN-PITKIN CO/ SARDY","UNITED STATES",147,76.4391
"ASSAB INTL",ERITREA,119,80.0000
ASSUMPTION,SEYCHELLES,80,70.6667
"ASTORIA REGL","UNITED STATES",40,76.4391
"ASWAN INTL",EGYPT,54,80.6842
"ASYUT INTL",EGYPT,40,80.6842
ATAQ,YEMEN,40,74.3333
ATAR,MAURITANIA,81,81.9231
ATATURK,TURKEY,53,75.3191
ATBARA,SUDAN,65,71.5357
ATHABASCA,CANADA,66,74.0068
ATI,CHAD,40,74.0714
ATICO,PERU,66,72.1833
"ATIKOKAN MUN",CANADA,67,74.0068
ATKA,"UNITED STATES",13,76.4391
"ATKINSON MUN","UNITED STATES",106,76.4391
"ATLANTIC CITY INTL","UNITED STATES",67,76.4391
"ATLANTIC MUN","UNITED STATES",187,76.4391
"ATLAS AIRFIELD",GERMANY,93,76.3204
ATLIN,CANADA,53,74.0068
"ATOKA MUN","UNITED STATES",118,76.4391
ATSINANANA,MADAGASCAR,133,76.8857
"ATSUGI AERO",JAPAN,53,61.3077
ATTENDORN-FINNENTROP,GERMANY,40,76.3204
ATTERHEIDE,GERMANY,39,76.3204
ATTOPEU,LAOS,27,72.3333
ATUONA,"FRENCH PACIFIC OVERSEAS TERR.",67,76.0455
"ATWOOD/ COGHLIN",CANADA,53,74.0068
"ATWOOD-RAWLINS CO CITY-CO","UNITED STATES",53,76.4391
ATYRAU,KAZAKHSTAN,13,67.7500
AUBENASSON,FRANCE,41,76.2206
"AUBURN MUN","UNITED STATES",145,76.4391
"AUBURN-LEWISTON MUN","UNITED STATES",107,76.4391
AUBURN-OPELIKA-PITTS,"UNITED STATES",53,76.4391
AUERBACH,GERMANY,120,76.3204
"AUF DEM DUMPEL",GERMANY,54,76.3204
AUGSBURG,GERMANY,79,76.3204
"AUGUSTA REGL AT BUSH","UNITED STATES",133,76.4391
"AUGUSTA STATE","UNITED STATES",27,76.4391
"AUGUSTO ROBERTO FUSTER",PARAGUAY,53,59.2222
AURANGABAD,INDIA,66,63.8654
AURILLAC,FRANCE,14,76.2206
"AURORA MUN","UNITED STATES",26,76.4391
"AUSTIN BERGSTROM INTL","UNITED STATES",26,76.4391
"AUSTIN MUN","UNITED STATES",106,76.4391
"AUSTIN STRAUBEL INTL","UNITED STATES",40,76.4391
AUSTIN,CANADA,26,74.0068
"AVA MARTIN MEML","UNITED STATES",79,76.4391
AVALLON,FRANCE,39,76.2206
AVALON,AUSTRALIA,146,54.9680
AVARATRA,MADAGASCAR,39,76.8857
AVARUA,"COOK IS",65,109.5000
AVENGER,"UNITED STATES",14,76.4391
AVESTA,SWEDEN,172,74.0865
"AVIADOR CARLOS CAMPOS (NEUQUEN",ARGENTINA,39,67.1549
"AVIANO MIL",ITALY,66,76.5375
"AVON PARK MUN","UNITED STATES",39,76.4391
"AVORD AB",FRANCE,53,76.2206
AVY,FRANCE,79,76.2206
AWASA,ETHIOPIA,118,82.3103
AXUM,ETHIOPIA,198,82.3103
"AYERS ROCK (CONNELLAN)",AUSTRALIA,40,54.9680
AZEZO,ETHIOPIA,67,82.3103
BABIMOST,POLAND,67,80.0476
BACAU,ROMANIA,66,71.6667
BACKNANG-HEININGEN,GERMANY,67,76.3204
BACOLOD,PHILIPPINES,132,60.6316
"BACON CO","UNITED STATES",93,76.4391
"BAD DITZENBACH",GERMANY,53,76.3204
"BAD ESSEN",GERMANY,66,76.3204
"BAD FRANKENHAUSEN",GERMANY,93,76.3204
"BAD LANGENSALZA",GERMANY,40,76.3204
"BAD NEUENAHR-AHRWEILER",GERMANY,41,76.3204
"BAD PYRMONT",GERMANY,40,76.3204
"BAD SASSENDORF",GERMANY,104,76.3204
"BAD SOBERNHEIM-DOMBERG",GERMANY,40,76.3204
"BAD WINDSHEIM",GERMANY,66,76.3204
"BAD WORISHOFEN-NORD",GERMANY,53,76.3204
"BADR AB",IRAN,27,80.8400
BAFIA,CAMEROON,40,86.2000
BAFOULABE,MALI,26,105.2667
BAFOUSSAM,CAMEROON,53,86.2000
BAGABAG,PHILIPPINES,27,60.6316
BAGAN,MYANMAR,79,65.2727
"BAGHDOGRA AB",INDIA,39,63.8654
BAGLUNG,NEPAL,93,54.7647
"BAGNERES DE LUCHON",FRANCE,40,76.2206
BAGOTVILLE,CANADA,93,74.0068
BAHAWALPUR,PAKISTAN,26,53.9500
"BAHRAIN INTL",BAHRAIN,27,27.0000
"BAILLEAU ARMENONVILLE",FRANCE,161,76.2206
BAILLIF,GUADELOUPE,39,52.6667
"BAIXO GUANDU",BRAZIL,92,75.7333
BAIYUN,CHINA,40,59.0556
BAJHANG,NEPAL,53,54.7647
BAJURA,NEPAL,52,54.7647
"BAKER CITY MUN","UNITED STATES",40,76.4391
"BAKER LAKE",CANADA,212,74.0068
"BAKER MEML","UNITED STATES",120,76.4391
"BAKER MUN","UNITED STATES",41,76.4391
BALANDINO,RUSSIA,172,74.4237
BALATON,HUNGARY,67,43.2500
"BALDWIN CO","UNITED STATES",185,76.4391
BALEN-KEIHEUVEL,BELGIUM,53,83.4762
BALESTAS,FRANCE,40,76.2206
"BALGO HILL",AUSTRALIA,40,54.9680
"BALICE JP II INTL",POLAND,94,80.0476
"BALIKESIR AB",TURKEY,79,75.3191
BALKHASH,KAZAKHSTAN,26,67.7500
BALLERA,AUSTRALIA,66,54.9680
BALMACEDA,CHILE,52,77.2857
BALRANALD,AUSTRALIA,39,54.9680
BALSAS,BRAZIL,147,75.7333
BALTRUM,GERMANY,26,76.3204
"BAMBERG AAF",GERMANY,54,76.3204
BAMBILI-DINGILA,CONGO,54,81.3408
BAMENDA,CAMEROON,53,86.2000
BAMYAN,AFGHANISTAN,146,81.5000
"BAN HOUEISAY",LAOS,39,72.3333
"BANDAR ABBASS INTL",IRAN,94,80.8400
"BANDAR LENGEH",IRAN,118,80.8400
BANDEIRANTES,BRAZIL,66,75.7333
BANDIAGARA,MALI,105,105.2667
BANEASA,ROMANIA,173,71.6667
BANFORA,"BURKINA FASO",147,73.3571
"BANG PRA",THAILAND,54,67.6429
"BANGKOK INTL",THAILAND,186,67.6429
"BANGOKA INTL",CONGO,173,81.3408
"BANGOR INTL","UNITED STATES",26,76.4391
"BANGOY INTL",PHILIPPINES,52,60.6316
BANGULA,MALAWI,119,93.6364
"BANJA LUKA","BOSNIA AND HERZEGOVINA",54,70.0000
BANKSTOWN,AUSTRALIA,80,54.9680
"BANNING MUN","UNITED STATES",80,76.4391
BANTRY,IRELAND,40,80.4737
BANYO,CAMEROON,132,86.2000
BAOAN,CHINA,13,59.0556
"BAR RIVER",CANADA,67,74.0068
"BARABOO WISCONSIN DELLS","UNITED STATES",52,76.4391
BARALANDE,"GUINEA REP",53,63.0000
BARBACENA,BRAZIL,67,75.7333
BARBE,MALI,39,105.2667
BARCALDINE,AUSTRALIA,66,54.9680
"BARDUFOSS AB",NORWAY,39,77.7021
"BAREILLY AB",INDIA,40,63.8654
BARINAS,VENEZUELA,39,76.5405
BARIRI,BRAZIL,80,75.7333
BARKARBY,SWEDEN,105,74.0865
BARKER,CANADA,41,74.0068
BARKERVILLE,CANADA,40,74.0068
"BARKING SANDS PMRF","UNITED STATES",14,76.4391
"BARKLEY REGL","UNITED STATES",80,76.4391
"BARKSTON HEATH AB","UNITED KINGDOM",67,83.8865
BARNAUL,RUSSIA,66,74.4237
"BARNES MUN","UNITED STATES",52,76.4391
"BARNSTABLE MUN-BOARDMAN/ POLAN","UNITED STATES",40,76.4391
BARQUISIMETO,VENEZUELA,53,76.5405
"BARRA DEL COLORADO","COSTA RICA",67,80.3913
"BARRA DO CORDA",BRAZIL,92,75.7333
"BARRACAO QUEIMADO",BRAZIL,67,75.7333
BARREIRAS,BRAZIL,146,75.7333
BARREIRINHA,BRAZIL,66,75.7333
BARRHEAD,CANADA,40,74.0068
"BARRIE AIRPARK",CANADA,66,74.0068
BARRON,"UNITED STATES",66,76.4391
"BARROW I",AUSTRALIA,53,54.9680
BARSSEL,GERMANY,41,76.3204
BARSTOW-DAGGETT,"UNITED STATES",108,76.4391
BAR-SUR-SEINE,FRANCE,213,76.2206
"BARTER I LRRS","UNITED STATES",160,76.4391
BARTH,GERMANY,93,76.3204
"BARTLESVILLE MUN","UNITED STATES",13,76.4391
"BARTOLOMEU LISANDRO",BRAZIL,106,75.7333
BARTON,"UNITED KINGDOM",93,83.8865
"BARTOW MUN","UNITED STATES",67,76.4391
BARUUN-URT,MONGOLIA,67,63.2727
BASANKUSU,CONGO,53,81.3408
BASCO,PHILIPPINES,27,60.6316
"BASE AEREA DE SANTOS",BRAZIL,79,75.7333
"BASE MARAMBIO","ANTARCTICA (ARG)",13,59.0000
BASENGELE,CONGO,13,81.3408
BASHAW,CANADA,27,74.0068
BASLE-MULHOUSE,FRANCE,53,76.2206
"BASRAH INTL",IRAQ,40,46.0000
BASSANO,CANADA,66,74.0068
"BASSEL AL-ASSAD INTL",SYRIA,200,113.2500
BASSILLAC,FRANCE,40,76.2206
BATA,"EQUATORIAL GUINEA",93,93.0000
"BATESVILLE REGL","UNITED STATES",93,76.4391
"BATHURST I",AUSTRALIA,40,54.9680
BATHURST,CANADA,106,74.0068
BATOURI,CAMEROON,132,86.2000
BATSFJORD,NORWAY,66,77.7021
BATTAMBANG,CAMBODIA,26,89.5000
"BATTICALOA AB","SRI LANKA",66,62.7500
"BATTLE MOUNTAIN","UNITED STATES",65,76.4391
BATWA,CONGO,27,81.3408
BAU,CONGO,106,81.3408
BAURU,BRAZIL,14,75.7333
BAUTZEN,GERMANY,119,76.3204
"BAXLEY MUN","UNITED STATES",13,76.4391
"BAXTER CO REGL","UNITED STATES",107,76.4391
BAYANKHONGOR,MONGOLIA,39,63.2727
BAYONNE-ANGLET,FRANCE,79,76.2206
BAYREUTH,GERMANY,134,76.3204
BAYTOWN,"UNITED STATES",80,76.4391
BEACH,"UNITED STATES",120,76.4391
"BEALE AFB","UNITED STATES",40,76.4391
"BEATRICE MUN","UNITED STATES",66,76.4391
BEATTY,"UNITED STATES",80,76.4391
"BEAUFORT MCAS","UNITED STATES",54,76.4391
BEAUMONT,FRANCE,40,76.2206
"BEAUVECHAIN AB",BELGIUM,108,83.4762
"BEAVER CO","UNITED STATES",94,76.4391
"BEAVER CREEK",CANADA,106,74.0068
"BEAVER I","UNITED STATES",40,76.4391
BEAVERLEY,CANADA,106,74.0068
BEBEDOURO,BRAZIL,105,75.7333
"BEDA M3",LIBYA,93,82.3000
"BEDFORD CO","UNITED STATES",132,76.4391
BEDOURIE,AUSTRALIA,39,54.9680
"BEECH FACTORY","UNITED STATES",79,76.4391
BEGISHEVO,RUSSIA,26,74.4237
BEHALA,INDIA,39,63.8654
BEICA,ETHIOPIA,173,82.3103
BEIHAN,YEMEN,39,74.3333
BEISEKER,CANADA,39,74.0068
"BEJA AB",PORTUGAL,39,69.0476
BEKILY,MADAGASCAR,53,76.8857
"BELEM DE SAO FRANCISCO",BRAZIL,39,75.7333
"BELFAST CITY","UNITED KINGDOM",39,83.8865
BELGOROD,RUSSIA,172,74.4237
BELGRADE,YUGOSLAVIA,161,98.0000
"BELLA BELLA (DENNY I)",CANADA,41,74.0068
"BELLA COOLA",CANADA,26,74.0068
"BELLE FOURCHE MUN","UNITED STATES",108,76.4391
"BELLE PLAINE MUN","UNITED STATES",40,76.4391
BELLEAU,FRANCE,67,76.2206
"BELLINGHAM INTL","UNITED STATES",40,76.4391
BELLUNO,ITALY,79,76.5375
BELMONT,FRANCE,14,76.2206
BELMONTE,BRAZIL,39,75.7333
"BELO JARDIM",BRAZIL,145,75.7333
BELTERRA,BRAZIL,134,75.7333
BELUGA,"UNITED STATES",94,76.4391
"BEMIDJI-BELTRAMI CO","UNITED STATES",41,76.4391
"BEN GURION",ISRAEL,80,101.5000
"BENEDITO LEITE",BRAZIL,93,75.7333
BENESOV,CZECH,118,79.4242
"BENI MELLAL",MOROCCO,41,65.8000
BENI,CONGO,41,81.3408
BENI-DIBELE,CONGO,67,81.3408
BENINA,LIBYA,54,82.3000
"BENITO SALAS",COLOMBIA,40,88.6667
"BENNETT MEML","UNITED STATES",81,76.4391
BENO,CONGO,26,81.3408
"BENTONVILLE MUN/ THADEN","UNITED STATES",67,76.4391
BERBERA,SOMALIA,40,76.2500
BERBERATI,"CENTRAL AFRICAN REP",80,104.2222
BERLEVAG,NORWAY,108,77.7021
"BERMUDA INTL",BERMUDA,279,279.0000
BERTOUA,CAMEROON,26,86.2000
BERZ-MACOMB,"UNITED STATES",93,76.4391
BESALAMPY,MADAGASCAR,26,76.8857
BESLAN,RUSSIA,67,74.4237
BESOVETS,RUSSIA,66,74.4237
BESSEMER,"UNITED STATES",106,76.4391
BETARE-OYA,CAMEROON,120,86.2000
BETHANY,CANADA,26,74.0068
BETHEL,"UNITED STATES",79,76.4391
BETHLEHEM,"SOUTH AFRICAN REP",160,80.1429
BETOU,CONGO,118,81.3408
BEVERLO,BELGIUM,94,83.4762
"BEVERLY MUN","UNITED STATES",53,76.4391
BEX,SWITZERLAND,66,83.4762
BHARATPUR,NEPAL,53,54.7647
BHAVNAGAR,INDIA,80,63.8654
BHOJPUR,NEPAL,93,54.7647
BHUBANESHWAR,INDIA,53,63.8654
"BIALA PODLASKA",POLAND,54,80.0476
BIARD,FRANCE,67,76.2206
BIBANGA,CONGO,174,81.3408
"BIBERACH AN DER RISS",GERMANY,107,76.3204
BIENENFARM,GERMANY,120,76.3204
"BIG PINEY-MARBLETON","UNITED STATES",66,76.4391
"BIG TROUT LAKE",CANADA,79,74.0068
"BIGFORK MUN","UNITED STATES",67,76.4391
"BIGGIN HILL","UNITED KINGDOM",66,83.8865
BILBAO,SPAIN,53,83.8966
BILDUDALUR,ICELAND,40,79.7143
BILENE,MOZAMBIQUE,14,50.1429
"BILLARD MUN","UNITED STATES",53,76.4391
"BILLINGS LOGAN INTL","UNITED STATES",52,76.4391
BILLUND,DENMARK,106,86.3667
BILTINE,CHAD,119,74.0714
BINA,AZERBAIJAN,39,46.0000
BINDER,MONGOLIA,53,63.2727
BINDJA,CONGO,66,81.3408
BINGA,CONGO,107,81.3408
"BINGHAMTON REGL/ LINK","UNITED STATES",67,76.4391
BINHAI,CHINA,53,59.0556
BINNINGEN,GERMANY,39,76.3204
BINTULU,MALAYSIA,13,53.5263
"BIRCH HILLS",CANADA,54,74.0068
"BIRCH MOUNTAIN",CANADA,40,74.0068
BIRCHWOOD,"UNITED STATES",120,76.4391
BIRDSVILLE,AUSTRALIA,54,54.9680
"BIRGI MIL",ITALY,239,76.5375
BIRJAND,IRAN,94,80.8400
"BIRMINGHAM INTL","UNITED STATES",106,76.4391
BIRMINGHAM,"UNITED KINGDOM",67,83.8865
BIRRFELD,SWITZERLAND,94,83.4762
"BIRSA MUNDA",INDIA,160,63.8654
"BISHE KOLA AB",IRAN,66,80.8400
BISHO,"SOUTH AFRICAN REP",133,80.1429
BISHOP,"UNITED STATES",107,76.4391
BISLIG,PHILIPPINES,53,60.6316
"BISMARCK MUN","UNITED STATES",14,76.4391
BITTENCOURT,BRAZIL,26,75.7333
BITUMOUNT,CANADA,66,74.0068
"BLACK RIVER FALLS AREA","UNITED STATES",13,76.4391
"BLACK TICKLE",CANADA,40,74.0068
BLACKBUSHE,"UNITED KINGDOM",160,83.8865
BLACKPOOL,"UNITED KINGDOM",52,83.8865
"BLANDING MUN","UNITED STATES",39,76.4391
BLANKENSEE,GERMANY,107,76.3204
"BLOCK ISLAND STATE","UNITED STATES",27,76.4391
BLOEMFONTEIN,"SOUTH AFRICAN REP",40,80.1429
BLOMBERG-BORKHAUSEN,GERMANY,227,76.3204
BLONDUOS,ICELAND,147,79.7143
"BLOODVEIN RIVER",CANADA,199,74.0068
"BLUE CANYON-NYACK","UNITED STATES",27,76.4391
"BLUE GRASS","UNITED STATES",39,76.4391
"BLUE RIDGE","UNITED STATES",147,76.4391
"BLUE RIVER",CANADA,41,74.0068
BLUMBERG,GERMANY,66,76.3204
BLUMENAU,BRAZIL,66,75.7333
BLYTHE,"UNITED STATES",160,76.4391
"BLYTHEVILLE MUN","UNITED STATES",52,76.4391
BO,"SIERRA LEONE",39,59.8333
BOBO-DIOULASSO,"BURKINA FASO",27,73.3571
"BOCA RATON","UNITED STATES",26,76.4391
"BOCCADIFALCO MIL",ITALY,41,76.5375
BODMIN,"UNITED KINGDOM",133,83.8865
"BOGUE MCALF","UNITED STATES",93,76.4391
BOHLEN,GERMANY,92,76.3204
BOKADA,CONGO,27,81.3408
BOKEBERG,SWEDEN,39,74.0865
BOKELA,CONGO,40,81.3408
BOKORO,CHAD,160,74.0714
BOKUNGU,CONGO,93,81.3408
BOLILA,CONGO,186,81.3408
BOLIVAR,ARGENTINA,40,67.1549
BOLIVAR,VENEZUELA,147,76.5405
BOLONGONKELE,CONGO,133,81.3408
BOLTON,"UNITED STATES",41,76.4391
"BOM JESUS",BRAZIL,40,75.7333
BOMA,CONGO,53,81.3408
"BOMAR-SHELBYVILLE MUN","UNITED STATES",94,76.4391
"BOMOEN AB",NORWAY,40,77.7021
BONAVENTURE,CANADA,120,74.0068
BONG,"UNITED STATES",53,76.4391
BONGIMBA,CONGO,39,81.3408
BONKITA,CONGO,106,81.3408
BONTHE,"SIERRA LEONE",147,59.8333
BOOKER,"UNITED KINGDOM",26,83.8865
"BOONE CO","UNITED STATES",93,76.4391
"BOONE MUN","UNITED STATES",118,76.4391
BOPFINGEN,GERMANY,40,76.3204
BOQUIRA,BRAZIL,27,75.7333
BOR,SUDAN,53,71.5357
BORDELUM,GERMANY,79,76.3204
"BORDJ MOKHTAR",ALGERIA,40,71.6875
"BORG EL ARAB INTL",EGYPT,279,80.6842
"BORGO PANIGALE",ITALY,106,76.5375
BORKENBERGE,GERMANY,14,76.3204
"BORLANGE AB",SWEDEN,13,74.0865
BOSASO,SOMALIA,66,76.2500
BOSCOMANTICO,ITALY,39,76.5375
BOSONDJO,CONGO,93,81.3408
BOSSANGOA,"CENTRAL AFRICAN REP",92,104.2222
BOST,AFGHANISTAN,107,81.5000
"BOSTON BROOK",CANADA,27,74.0068
BOTHAVILLE,"SOUTH AFRICAN REP",39,80.1429
BOTUCATU,BRAZIL,40,75.7333
BOUAKE,"IVORY COAST",81,64.5333
"BOULDER JUNCTION","UNITED STATES",40,76.4391
"BOUNDARY BAY",CANADA,67,74.0068
BOUNDIALI,"IVORY COAST",26,64.5333
"BOURG-ST BERNARD",FRANCE,40,76.2206
BOURKE,AUSTRALIA,41,54.9680
BOURN,"UNITED KINGDOM",200,83.8865
BOURNEMOUTH,"UNITED KINGDOM",80,83.8865
"BOURSCHEID ARMY",FRANCE,53,76.2206
BOWERMAN,"UNITED STATES",157,76.4391
"BOWMAN MUN","UNITED STATES",67,76.4391
BOWMAN,"UNITED STATES",39,76.4391
BOZOUM,"CENTRAL AFRICAN REP",53,104.2222
"BRAC ISLAND",CROATIA,119,83.2857
"BRADLEY INTL","UNITED STATES",133,76.4391
BRAEBURN,CANADA,40,74.0068
BRAGA,PORTUGAL,53,69.0476
BRANCHES,FRANCE,53,76.2206
BRANDENSTEINSEBENE,GERMANY,27,76.3204
"BRANDON MUNI",CANADA,53,74.0068
BRANTFORD,CANADA,53,74.0068
BRASILEIA,BRAZIL,108,75.7333
"BRASSCHAAT ARMY",BELGIUM,66,83.4762
BRATSK,RUSSIA,106,74.4237
BRECLAV,CZECH,79,79.4242
BREITSCHEID,GERMANY,40,76.3204
BREMEN,GERMANY,54,76.3204
BREMERHAVEN,GERMANY,40,76.3204
"BREMERTON NATL","UNITED STATES",27,76.4391
BREMGARTEN,GERMANY,66,76.3204
BRENNER,"UNITED STATES",106,76.4391
BRESSO,ITALY,53,76.5375
BREST,BELARUS,106,103.8571
BRETIGNY-SUR-ORGE,FRANCE,40,76.2206
BREVES,BRAZIL,54,75.7333
BRIA,"CENTRAL AFRICAN REP",119,104.2222
BRIDGEWATER,"UNITED STATES",26,76.4391
BRIE-CHAMPNIERS,FRANCE,147,76.2206
"BRIG GEN D BARTOLOME DE LA CO*",ARGENTINA,120,67.1549
"BRIGHAM CITY","UNITED STATES",198,76.4391
"BRILON/ HOCHSAUERLAND",GERMANY,53,76.3204
BRINDAS,FRANCE,133,76.2206
BRINGELAND,NORWAY,27,77.7021
BRISTOL,"UNITED KINGDOM",40,83.8865
BRITS,"SOUTH AFRICAN REP",93,80.1429
"BRITTON MUN","UNITED STATES",65,76.4391
"BRIZE NORTON AB","UNITED KINGDOM",79,83.8865
BROADUS,"UNITED STATES",146,76.4391
BROCHET,CANADA,40,74.0068
"BROCKVILLE-THOUSAND ISL REG",CANADA,93,74.0068
"BROKEN BOW MUN","UNITED STATES",133,76.4391
BROMMA,SWEDEN,67,74.0865
BRON,FRANCE,133,76.2206
BRONKOW,GERMANY,28,76.3204
BRONNOY,NORWAY,145,77.7021
"BRONSON CREEK",CANADA,40,74.0068
BRONZEWING,AUSTRALIA,26,54.9680
BROOKERIDGE,"UNITED STATES",79,76.4391
BROOKHAVEN,"UNITED STATES",172,76.4391
"BROOKINGS MUN","UNITED STATES",106,76.4391
BROOKS,CANADA,174,74.0068
BROOKS,"UNITED STATES",119,76.4391
"BROOME INTL",AUSTRALIA,81,54.9680
BROUGH,"UNITED KINGDOM",158,83.8865
BROUMOV,CZECH,107,79.4242
"BROWN CO","UNITED STATES",52,76.4391
"BROWNSVILLE/ SOUTH PADRE I INT","UNITED STATES",66,76.4391
"BRUNSWICK CO","UNITED STATES",53,76.4391
"BRUNSWICK GOLDEN ISLES","UNITED STATES",26,76.4391
"BRUNSWICK NAS","UNITED STATES",53,76.4391
"BRUSSELS SOUTH",BELGIUM,54,83.4762
BRYAN,"UNITED STATES",66,76.4391
BRYANSK,RUSSIA,147,74.4237
"BRYCE CANYON","UNITED STATES",79,76.4391
BUBOVICE,CZECH,65,79.4242
"BUCHOLZ AAF","MARSHALL IS",13,13.0000
"BUCKEBURG ARMY",GERMANY,53,76.3204
BUCKLAND,"UNITED STATES",94,76.4391
"BUCKLEY AFB","UNITED STATES",66,76.4391
BUDIARTO,INDONESIA,54,78.4483
BUENAVENTURA,COLOMBIA,106,88.6667
"BUENOS AIRES DE OSA","COSTA RICA",66,80.3913
"BUFFALO MUN","UNITED STATES",53,76.4391
"BUFFALO NARROWS",CANADA,13,74.0068
"BUFFALO NIAGARA INTL","UNITED STATES",39,76.4391
BUHASA,"UNITED ARAB EMIRATES",27,63.7778
BUHL,FRANCE,13,76.2206
BUHLHOF,GERMANY,174,76.3204
"BUJUMBURA INTL",BURUNDI,54,75.6667
BUKENA,CONGO,66,81.3408
BUKHARA,UZBEKISTAN,53,43.5000
BUKOBA,TANZANIA,40,70.7027
"BULAGTAI RESORT",MONGOLIA,93,63.2727
"BULGAN SUM",MONGOLIA,26,63.2727
BULGAN,MONGOLIA,53,63.2727
BUMBA,CONGO,81,81.3408
BUNDABERG,AUSTRALIA,53,54.9680
BUNGOMA,KENYA,160,79.7407
"BUNO BONNEVAUX",FRANCE,120,76.2206
BUONMATHUOT,VIETNAM,80,78.1250
"BURA EAST",KENYA,147,79.7407
BURAO,SOMALIA,132,76.2500
"BURG FEUERSTEIN",GERMANY,40,76.3204
BURGAS,BULGARIA,40,33.2500
"BURITI ALEGRE",BRAZIL,94,75.7333
"BURKE CO","UNITED STATES",27,76.4391
"BURKE LAKEFRONT","UNITED STATES",93,76.4391
"BURLEY MUN","UNITED STATES",52,76.4391
"BURLINGTON INTL","UNITED STATES",40,76.4391
"BURLINGTON-ALAMANCE REGL","UNITED STATES",27,76.4391
"BURNETT CO","UNITED STATES",66,76.4391
"BURNS LAKE",CANADA,40,74.0068
"BURNS MUN","UNITED STATES",94,76.4391
BURWASH,CANADA,95,74.0068
BUSALA,CONGO,79,81.3408
BUSEVEC,CROATIA,119,83.2857
BUSHEHR,IRAN,78,80.8400
BUSIA,KENYA,39,79.7407
BUSSELTON,AUSTRALIA,105,54.9680
BUTARE,RWANDA,280,123.0000
BUTA-ZEGA,CONGO,66,81.3408
"BUTLER CO/ SCHOLTER","UNITED STATES",106,76.4391
"BUTLER MEML HOSPITAL","UNITED STATES",54,76.4391
"BUTTS AAF","UNITED STATES",106,76.4391
BUTUAN,PHILIPPINES,53,60.6316
BUYANT-UKHAA,MONGOLIA,133,63.2727
CABALLOCOCHA,PERU,53,72.1833
CABINDA,ANGOLA,133,83.7143
"CABLE HEAD AIRPARK",CANADA,53,74.0068
"CABO FRIO",BRAZIL,79,75.7333
"CABO ROJO","DOMINICAN REPUBLIC",133,82.0000
"CABOOL MEML","UNITED STATES",67,76.4391
CACADOR,BRAZIL,214,75.7333
"CACAPAVA DO SUL",BRAZIL,53,75.7333
CACEQUI,BRAZIL,40,75.7333
CACERES,BRAZIL,13,75.7333
"CACHE CREEK",CANADA,54,74.0068
"CACHOEIRA DO SUL",BRAZIL,39,75.7333
"CACHOEIRO DO ITAPEMIRIM",BRAZIL,26,75.7333
CACOAL,BRAZIL,93,75.7333
CADOTTE,CANADA,93,74.0068
CAERNARFON,"UNITED KINGDOM",107,83.8865
CAETITE,BRAZIL,26,75.7333
"CAGAYAN DE ORO",PHILIPPINES,54,60.6316
CAICO,BRAZIL,27,75.7333
"CAIRNS AAF","UNITED STATES",79,76.4391
"CAIRO INTL",EGYPT,26,80.6842
"CAIRO REGL","UNITED STATES",53,76.4391
CAKOVEC,CROATIA,106,83.2857
CAKUNG,INDONESIA,106,78.4483
CALABAR,NIGERIA,67,65.6429
CALABOZO,VENEZUELA,39,76.5405
CALAMOCHA,SPAIN,27,83.8966
"CALAVERAS CO-RASMUSSEN","UNITED STATES",54,76.4391
CALBAYOG,PHILIPPINES,41,60.6316
CALCOENE,BRAZIL,39,75.7333
"CALDAS NOVAS",BRAZIL,40,75.7333
CALDEN,GERMANY,159,76.3204
CALDERA,CHILE,39,77.2857
"CALDWELL INDUSTRIAL","UNITED STATES",26,76.4391
"CALEXICO INTL","UNITED STATES",93,76.4391
"CALHOUN MEML","UNITED STATES",53,76.4391
"CALLAWAY GARDENS-HARRIS CO","UNITED STATES",94,76.4391
CALONNE,FRANCE,40,76.2206
CALVINIA,"SOUTH AFRICAN REP",39,80.1429
CAMANA,PERU,106,72.1833
"CAMBRIDGE BAY",CANADA,40,74.0068
"CAMBRIDGE MUN","UNITED STATES",27,76.4391
"CAMBRIDGE MUN","UNITED STATES",80,76.4391
CAMBRIDGE-DORCHESTER,"UNITED STATES",13,76.4391
"CAMILO DAZA INTL",COLOMBIA,68,88.6667
"CAMILO PONCE",ECUADOR,40,69.0800
CAMIRI,BOLIVIA,80,62.9474
CAMLY,VIETNAM,54,78.1250
CAMOCIM,BRAZIL,134,75.7333
"CAMP WAINWRIGHT",CANADA,26,74.0068
"CAMPBELL AAF","UNITED STATES",27,76.4391
"CAMPBELL CO","UNITED STATES",107,76.4391
"CAMPBELL RIVER",CANADA,107,74.0068
"CAMPBELL-CORSICANA MUN","UNITED STATES",93,76.4391
"CAMPINA VERDE",BRAZIL,94,75.7333
"CAMPO DELIO JARDIM DE MATTOS",BRAZIL,27,75.7333
"CAMPO DELL' ORO",FRANCE,54,76.2206
"CAMPO DO MEIO",BRAZIL,40,75.7333
"CAMPO FONTENELLE",BRAZIL,92,75.7333
"CAMPO GRANDE INTL",BRAZIL,146,75.7333
"CAMPO NOVO",BRAZIL,27,75.7333
"CAMPOFORMIDO MIL",ITALY,40,76.5375
"CAMPOS BELOS",BRAZIL,80,75.7333
CANAIMA,VENEZUELA,40,76.5405
"CANAKKALE AB",TURKEY,26,75.3191
"CANAL BAJO/ CARLOS H SIEBERT",CHILE,80,77.2857
CANARANA,BRAZIL,53,75.7333
CANDALA,SOMALIA,67,76.2500
CANDILLARGUES,FRANCE,81,76.2206
"CANEFIELD INTL",DOMINICA,52,53.0000
CANELA,BRAZIL,54,75.7333
CANGAPARA,BRAZIL,121,75.7333
"CANNON AFB","UNITED STATES",92,76.4391
CANTUNG,CANADA,79,74.0068
CANYONLANDS,"UNITED STATES",53,76.4391
"CAP DE AV SELIN ZEITUN LOPEZ",BOLIVIA,146,62.9474
"CAP HAITIEN INTL",HAITI,53,76.0000
"CAP. AV. JUAN COCHAMANIDIS SA*",BOLIVIA,40,62.9474
"CAP. D. JOSE D. VASQUEZ",ARGENTINA,53,67.1549
"CAPAO BONITO",BRAZIL,67,75.7333
"CAPAO DA CANOA",BRAZIL,93,75.7333
"CAPE GIRARDEAU REGL","UNITED STATES",79,76.4391
"CAPE LISBURNE LRRS","UNITED STATES",133,76.4391
"CAPE MAY CO","UNITED STATES",173,76.4391
"CAPE NEWENHAM LRRS","UNITED STATES",53,76.4391
"CAPE PALMAS",LIBERIA,133,66.7500
"CAPE SARICHEF","UNITED STATES",13,76.4391
"CAPE TOWN INTL","SOUTH AFRICAN REP",133,80.1429
CAPELINHA,BRAZIL,53,75.7333
"CAPITAL CITY","UNITED STATES",147,76.4391
"CAPITAN ALVARINO",PERU,120,72.1833
"CAPITAN FUENTES MARTINEZ",CHILE,93,77.2857
"CAPITAN GERMAN QUIROGA GUARDI*",BOLIVIA,53,62.9474
"CAPITAN MONTES",PERU,53,72.1833
"CAPITAN V. ALMANDOS ALMONACID",ARGENTINA,132,67.1549
"CAPODICHINO MIL",ITALY,40,76.5375
"CAPT GUILLERMO CONCHA IBERICO",PERU,53,72.1833
"CAPT ORIEL LEA PLAZA",BOLIVIA,13,62.9474
"CAPT THOMAS/ EL DORADO","UNITED STATES",54,76.4391
"CAPUA MIL",ITALY,106,76.5375
"CAR NICOBAR AB",INDIA,65,63.8654
CARACARAI,BRAZIL,39,75.7333
CARANO,COLOMBIA,39,88.6667
CARANSEBES,ROMANIA,40,71.6667
CARAUARI,BRAZIL,79,75.7333
CARAZINHO,BRAZIL,26,75.7333
"CARBON CO","UNITED STATES",133,76.4391
CARCROSS,CANADA,39,74.0068
"CARDAK AB",TURKEY,94,75.3191
"CARIBOU MUN","UNITED STATES",67,76.4391
CARIRI,BRAZIL,80,75.7333
"CARITAT AB",FRANCE,40,76.2206
"CARLOS IBANEZ DEL CAMPO INTL",CHILE,53,77.2857
"CARLOS M. CESPEDES",CUBA,94,67.4375
CARMACKS,CANADA,212,74.0068
"CARMELO INTL",URUGUAY,92,94.0833
"CARMEN DE BOLIVAR",COLOMBIA,53,88.6667
CARNARVON,"SOUTH AFRICAN REP",13,80.1429
CAROLINA,"SOUTH AFRICAN REP",66,80.1429
CAROLINA,BRAZIL,93,75.7333
"CARPI BUDRIONE",ITALY,40,76.5375
CARPIQUET,FRANCE,133,76.2206
"CARRASCO INTL/ GEN C L BERISSO",URUGUAY,53,94.0833
"CARRIEL SUR INTL",CHILE,54,77.2857
CARRILLO,"COSTA RICA",40,80.3913
"CARROLL CO REGL/ POAGE","UNITED STATES",80,76.4391
"CARROLL CO-TOLSON","UNITED STATES",133,76.4391
CARSAMBA,TURKEY,40,75.3191
CARTHAGE,TUNISIA,53,90.0000
CARTHAGO,SUDAN,26,71.5357
"CARTWRIGHT NWS",CANADA,52,74.0068
"CASA GRANDE MUN","UNITED STATES",132,76.4391
CASABLANCA,CHILE,40,77.2857
"CASALE MIL",ITALY,92,76.5375
"CASALE MONFERRATO",ITALY,26,76.5375
CASCAVEL,BRAZIL,105,75.7333
"CASEMENT AB",IRELAND,172,80.4737
"CASTELLON DE LA PLANA",SPAIN,107,83.8966
"CASTLE MILL","UNITED KINGDOM",53,83.8865
CASTOR,CANADA,186,74.0068
CASTRES-MAZAMET,FRANCE,27,76.2206
CASTRO,BRAZIL,68,75.7333
"CAT LAKE",CANADA,118,74.0068
CATALAO,BRAZIL,40,75.7333
CATAMARCA,ARGENTINA,80,67.1549
"CATARATAS INTL",BRAZIL,26,75.7333
CATARMAN,PHILIPPINES,187,60.6316
"CATOLE DO ROCHA",BRAZIL,66,75.7333
CAUAYAN,PHILIPPINES,13,60.6316
CAUCASIA,COLOMBIA,39,88.6667
CAUMONT,FRANCE,66,76.2206
"CAVERN CITY","UNITED STATES",67,76.4391
CAXAMBU,BRAZIL,41,75.7333
CAXIAS,BRAZIL,40,75.7333
CAYCUMA,TURKEY,40,75.3191
"CAYLEY/ A. J. FLYING RANCH",CANADA,80,74.0068
"CAYO COCO",CUBA,40,67.4375
"CDTE.GUILLERMO D CASTILLO PAR.",PERU,40,72.1833
"CEDAR RIDGE","UNITED STATES",79,76.4391
CENTENNIAL,"UNITED STATES",119,76.4391
"CENTERVILLE MUN","UNITED STATES",66,76.4391
"CENTRAL ILL REGL","UNITED STATES",67,76.4391
"CENTRAL MAINE APT OF NORRIDGE*","UNITED STATES",40,76.4391
"CENTRAL NEBRASKA REGL","UNITED STATES",92,76.4391
CEPIN,CROATIA,40,83.2857
CERES,ARGENTINA,80,67.1549
CERES,BRAZIL,53,75.7333
CERRIONE,ITALY,40,76.5375
"CERRO LARGO INTL",URUGUAY,53,94.0833
"CERRO MORENO INTL",CHILE,67,77.2857
"CESKA LIPA",CZECH,26,79.4242
"CESSNA AIRCRAFT","UNITED STATES",53,76.4391
CEYZERIAT,FRANCE,40,76.2206
CHABEUIL,FRANCE,40,76.2206
"CHACALLUTA INTL",CHILE,14,77.2857
CHACARITA,"COSTA RICA",66,80.3913
CHACHAPOYAS,PERU,93,72.1833
"CHACKLALA INTL",PAKISTAN,54,53.9500
"CHAFEI AMSEI",BRAZIL,13,75.7333
"CHAIN MUN","UNITED STATES",80,76.4391
CHAITEN,CHILE,80,77.2857
CHAITEN,CHILE,67,77.2857
"CHAKE CHAKE",TANZANIA,106,70.7027
"CHAKERI AB",INDIA,40,63.8654
CHAKHCHARAN,AFGHANISTAN,53,81.5000
CHALAIS,FRANCE,53,76.2206
CHALANCON,FRANCE,40,76.2206
CHALGROVE,"UNITED KINGDOM",40,83.8865
CHALLES-LES-EAUX,FRANCE,27,76.2206
CHAMBRY,FRANCE,66,76.2206
CHAMICAL,ARGENTINA,120,67.1549
CHAMONATE,CHILE,93,77.2857
CHAMPHOL,FRANCE,39,76.2206
"CHANDALAR LAKE","UNITED STATES",54,76.4391
"CHANDIGARH AB",INDIA,54,63.8654
"CHANDLER MUN","UNITED STATES",94,76.4391
"CHANDLER MUN","UNITED STATES",53,76.4391
